<?xml version="1.0" encoding="utf-8"?>
<!--
 @version: $Id: bank-transfer.xml 3292 2013-03-14 12:27:17Z Radek Suski $
 @package: SobiPro

 @author
 Name: Sigrid Suski & Radek Suski, Sigsiu.NET GmbH
 Email: sobi[at]sigsiu.net
 Url: http://www.Sigsiu.NET

 @copyright Copyright (C) 2006 - 2013 Sigsiu.NET GmbH (http://www.sigsiu.net). All rights reserved.
 @license GNU/GPL Version 3
 This program is free software: you can redistribute it and/or modify it under the terms of the GNU General Public License version 3 as published by the Free Software Foundation, and under the additional terms according section 7 of GPL v3.
 See http://www.gnu.org/licenses/gpl.html and http://sobipro.sigsiu.net/licenses.

 This program is distributed in the hope that it will be useful, but WITHOUT ANY WARRANTY; without even the implied warranty of MERCHANTABILITY or FITNESS FOR A PARTICULAR PURPOSE.  See the GNU General Public License for more details.

 $Date: 2013-03-14 13:27:17 +0100 (Thu, 14 Mar 2013) $
 $Revision: 3292 $
 $Author: Radek Suski $
 File location: administrator/components/com_sobipro/extensions/bank-transfer.xml $
-->

<definition>
    <header>
        <title value="Template Configuration" />
        <file type="script" filename="bootstrap.tabs" />
        <file type="script" filename="adm.bootstrap-select" />
        <file type="script" filename="adm.tplsys" />
    </header>
    <toolbar title="var:[site_title]" icon="SobiApplicationSection">
        <button type="apply" task="tplsys.save" />
        <divider />
        <buttons type="options" dropdown-class="pull-right">
            <button type="url" task="panel" />
            <button type="url" task="config" />
            <button type="url" task="acl" />
            <button type="url" task="extensions.installed" />
        </buttons>
    </toolbar>
    <body>
        <div class="row-fluid">
            <div class="span2" id="SPRightMenu">
                <menu />
            </div>
            <div class="span10">
                <message id="spMessage" />
                <tabs>
                    <tab label="Details page">
                        <div class="row-fluid">
                            <div class="span12">
                                <table>
                                    <head>
                                        <cell label="Name" type="text" class="SpCellLeft" />
                                        <cell label="Title" type="text" class="SpCellCenter" />
                                        <cell label="Fields" type="text" class="SpCellCenter" />
                                        <cell label="Mode" type="text" class="SpCellCenter" />
                                    </head>
                                    <loop subject="fields.details">
                                        <cell type="text" value="name" class="SpCellLeft" />
                                        <cell type="text" value="title" class="SpCellLeft" />
                                        <cell type="text" value="fields" class="SpCellLeft" />
                                        <cell type="text" value="mode" class="SpCellLeft" />
                                    </loop>
                                </table>
                            </div>
                        </div>
                    </tab>
                    <tab label="List page">
                        <div class="row-fluid">
                            <div class="span12">
                                <table>
                                    <head>
                                        <cell label="Name" type="text" class="SpCellLeft" />
                                        <cell label="Title" type="text" class="SpCellCenter" />
                                        <cell label="Fields" type="text" class="SpCellCenter" />
                                        <cell label="Mode" type="text" class="SpCellCenter" />
                                    </head>
                                    <loop subject="fields.vcard">
                                        <cell type="text" value="name" class="SpCellLeft" />
                                        <cell type="text" value="title" class="SpCellLeft" />
                                        <cell type="text" value="fields" class="SpCellLeft" />
                                        <cell type="text" value="mode" class="SpCellLeft" />
                                    </loop>
                                </table>
                            </div>
                        </div>
                    </tab>
                    <tab label="Edit/Add page">
                        <div class="row-fluid">
                            <div class="span12">
                                <table>
                                    <head>
                                        <cell label="Name" type="text" class="SpCellLeft" />
                                        <cell label="Title" type="text" class="SpCellCenter" />
                                        <cell label="Fields" type="text" class="SpCellCenter" />
                                        <cell label="Mode" type="text" class="SpCellCenter" />
                                    </head>
                                    <loop subject="fields.edit">
                                        <cell type="text" value="name" class="SpCellLeft" />
                                        <cell type="text" value="title" class="SpCellLeft" />
                                        <cell type="text" value="fields" class="SpCellLeft" />
                                        <cell type="text" value="mode" class="SpCellLeft" />
                                    </loop>
                                </table>
                            </div>
                        </div>
                    </tab>
                </tabs>
            </div>
        </div>
    </body>
    <config>
        <action value="index.php" />
        <hidden>
            <field name="option" default="com_sobipro" />
            <field name="task" default="" />
            <field name="method" default="xhr" />
            <field name="format" default="raw" />
            <field name="pid" value="pid" />
        </hidden>
    </config>
</definition>
